ChromeExistion	O
main	O
strSendMsg	O
=	O
{"websitekey":false,"commandkey":true,"browserkey":true}	B

-[NetworkAnalyticsEngine	O
_writeJournalRecord:fromCellFingerprint:key:atLOI:ofKind:lqm:isFaulty:]	O
Hashing	O
of	O
the	O
primary	O
key	O
failed.	O
Dropping	O
the	O
journal	O
record.	O

IOThunderboltSwitch<0>(0x0)::listenerCallback	B
-	O
Thunderbolt	O
HPD	O
packet	O
for	O
route	O
=	O
0x0	B
port	O
=	O
11	B
unplug	O
=	O
0	B

ARPT:	O
762603.017378:	B
wl0:	B
setup_keepalive:	O
Local	O
port:	O
62991,	B
Remote	O
port:	O
443	B

AppleThunderboltNHIType2::waitForOk2Go2Sx	O
-	O
retries	O
=	O
4	B

CCFile::captureLogRun	O
Skipping	O
current	O
file	O
Dir	O
file	O
[2017-07-03_16,05,51.177343]-io80211Family-003.pcapng,	B
Current	O
File	O
[2017-07-03_16,05,51.177343]-io80211Family-003.pcapng	B

CCFile::copyFile	O
fileName	O
is	O
[2017-07-03_13,48,39.308188]-io80211Family-002.pcapng,	B
source	O
path:/var/log/CoreCapture/com.apple.iokit.IO80211Family/IO80211AWDLPeerManager//[2017-07-03_13,48,39.308188]-io80211Family-002.pcapng,	B
dest	O
path:/Library/Logs/CrashReporter/CoreCapture/com.apple.iokit.IO80211Family/[2017-07-03_13,50,14.954481]=AssocFail:sts:2_rsn:0/IO80211AWDLPeerManager//[2017-07-03_13,48,39.308188]-io80211Family-002.pcapng	B

com.apple.suggestions.harvest:	B
scheduler_evaluate_activity	O
told	O
me	O
to	O
run	O
this	O
job;	O
however,	O
but	O
the	O
start	O
time	O
isn't	O
for	O
3498	B
seconds.	O
Ignoring.	O

ARPT:	O
762363.637095:	B
AirPort_Brcm43xx::powerChange:	O
System	O
Sleep	O

12:15:23.005	B
:	O
Discoverable	O
mode	O
changed	O
to	O
Off	O

IOThunderboltSwitch<0>(0x0)::listenerCallback	B
-	O
Thunderbolt	O
HPD	O
packet	O
for	O
route	O
=	O
0x0	B
port	O
=	O
11	B
unplug	O
=	O
0	B

com.apple.EscrowSecurityAlert.daily:	B
scheduler_evaluate_activity	O
told	O
me	O
to	O
run	O
this	O
job;	O
however,	O
but	O
the	O
start	O
time	O
isn't	O
for	O
33282	B
seconds.	O
Ignoring.	O

AppleThunderboltGenericHAL::earlyWake	O
-	O
complete	O
-	O
took	O
1	B
milliseconds	O

<IMMacNotificationCenterManager:	O
0x7fdcc9d16380>:	B
notification	O
observer:	O
com.apple.FaceTime	B
notification:	O
__CFNotification	O
0x7fdcc9d19110	B
{name	O
=	O
_NSDoNotDisturbEnabledNotification}	B

Error	O
returned	O
from	O
iconservicesagent:	O
(null)	B

en0:	B
BSSID	O
changed	O
to	O
00:a2:ee:1a:71:8c	B

USBMSC	O
Identifier	O
(non-unique):	O
000000000820	B
0x5ac	B
0x8406	B
0x820,	B
3	B

AirPort:	O
Link	O
Up	O
on	O
en0	B

AppleThunderboltNHIType2::waitForOk2Go2Sx	O
-	O
intel_rp	O
=	O
1	B
dlla_reporting_supported	O
=	O
0	B

AppleThunderboltNHIType2::prePCIWake	O
-	O
power	O
up	O
complete	O
-	O
took	O
2	B
us	O

AppleCamIn::systemWakeCall	O
-	O
messageType	O
=	O
0xE0000340	B

ARPT:	O
682468.243050:	B
AirPort_Brcm43xx::powerChange:	B
System	O
Wake	O
-	O
Full	O
Wake/	O
Dark	O
Wake	O
/	O
Maintenance	O
wake	O

Cocoa	O
scripting	O
error	O
for	O
'0x02770011':	B
four	O
character	O
codes	O
must	O
be	O
four	O
characters	O
long.	O

booter	O
start	O
at	O
1251	B
ms	O
smc	O
0	B
ms,	O
[18,	B
0,	B
0]	B
total	O
367	B
ms,	O
dsply	O
0,	B
0	B
ms,	O
tramp	O
1080	B
ms	O

ARPT:	O
621542.378462:	B
ARPT:	O
Wake	O
Reason:	O
Wake	O
on	O
Scan	O
offload	O

CCFile::copyFile	O
fileName	O
is	O
[2017-07-05_14,04,25.705173]-CCIOReporter-044.xml,	B
source	O
path:/var/log/CoreCapture/com.apple.iokit.IO80211Family/OneStats//[2017-07-05_14,04,25.705173]-CCIOReporter-044.xml,	B
dest	O
path:/Library/Logs/CrashReporter/CoreCapture/com.apple.iokit.IO80211Family/[2017-07-05_14,04,25.777317]=AuthFail:sts:5_rsn:0/OneStats//[2017-07-05_14,04,25.705173]-CCIOReporter-044.xml	B

hibernate_alloc_pages	O
act	O
173850,	B
inact	O
24957,	B
anon	O
891,	B
throt	O
0,	B
spec	O
73492,	B
wire	O
527143,	B
wireinit	O
39927	B

Failed	O
to	O
connect	O
(titleField)	B
outlet	O
from	O
(MMSessionPickerChoosenRowView)	B
to	O
(NSTextField):	B
missing	O
setter	O
or	O
instance	O
variable	O

nw_nat64_post_new_ifstate	O
successfully	O
changed	O
NAT64	O
ifstate	O
from	O
0x4	B
to	O
0x8000000000000000	B

ARPT:	O
744593.160590:	B
wl0:	B
wl_update_tcpkeep_seq:	O
Updated	O
seq/ack/win	B
from	O
UserClient	O
Seq	O
1529267953,	B
Ack	O
4054195714,	B
Win	O
size	O
380	B

2017-07-08	B
06:26:32.365	B
GoogleSoftwareUpdateAgent[39159/0x7000002a0000]	B
[lvl=2]	B
-[KSAgentApp(KeystoneThread)	O
runKeystonesInThreadWithArg:]	O
About	O
to	O
run	O
checks	O
for	O
any	O
other	O
apps.	O

CCFile::captureLog	O
Received	O
Capture	O
notice	O
id:	O
1499196895.670989,	B
reason	O
=	O
AuthFail:sts:5_rsn:0	B

Service	O
exited	O
with	O
abnormal	O
code:	O
1	B

Previous	O
sleep	O
cause:	O
5	B

setting	O
hostname	O
to	O
"calvisitor-10-105-163-9.calvisitor.1918.berkeley.edu"	B

jemmytest	O

dnssd_clientstub	O
ConnectToServer:	O
connect()->	O
No	O
of	O
tries:	O
1	B

ARPT:	O
784287.966851:	B
AirPort_Brcm43xx::platformWoWEnable:	O
WWEN[enable]	B

setting	O
hostname	O
to	O
"authorMacBook-Pro.local"	B

com.apple.icloud.fmfd.heartbeat:	B
scheduler_evaluate_activity	O
told	O
me	O
to	O
run	O
this	O
job;	O
however,	O
but	O
the	O
start	O
time	O
isn't	O
for	O
481541	B
seconds.	O
Ignoring.	O

ARPT:	O
770798.478026:	B
framerdy	O
0x0	B
bmccmd	O
3	B
framecnt	O
1024	B

Configuration	O
Notice:	O
ASL	O
Module	O
"com.apple.performance"	B
claims	O
selected	O
messages.	O
Those	O
messages	O
may	O
not	O
appear	O
in	O
standard	O
system	O
log	O
files	O
or	O
in	O
the	O
ASL	O
database.	O

##############################	O
_getSysMsgList	O

ARPT:	O
702351.279867:	B
wl0:	B
setup_keepalive:	O
interval	O
900,	B
retry_interval	O
30,	B
retry_count	O
10	B

Bluetooth	O
--	O
LE	O
is	O
supported	O
-	O
Disable	O
LE	O
meta	O
event	O

ARPT:	O
785104.988856:	B
AirPort_Brcm43xx::syncPowerState:	O
WWEN[enabled]	B

ASL	O
Sender	O
Statistics	O

IO80211AWDLPeerManager::setAwdlSuspendedMode()	O
Suspending	O
AWDL,	O
enterQuietMode(true)	B

Thermal	O
pressure	O
state:	O
0	B
Memory	O
pressure	O
state:	O
0	B

com.apple.CacheDelete.daily:	B
scheduler_evaluate_activity	O
told	O
me	O
to	O
run	O
this	O
job;	O
however,	O
but	O
the	O
start	O
time	O
isn't	O
for	O
34623	B
seconds.	O
Ignoring.	O

IO80211AWDLPeerManager::setAwdlOperatingMode	O
Setting	O
the	O
AWDL	O
operation	O
mode	O
from	O
AUTO	B
to	O
SUSPENDED	B

Previous	O
sleep	O
cause:	O
5	B

tcp_connection_handle_connect_conditions_bad	O
21993	B
failed:	O
3	B
-	O
No	O
network	O
route	O

[IOBluetoothFamily][staticBluetoothTransportShowsUp]	O
--	O
Received	O
Bluetooth	O
Controller	O
register	O
service	O
notification	O
--	O
0x7000	B

dnssd_clientstub	O
ConnectToServer:	O
connect()->	O
No	O
of	O
tries:	O
1	B

dnssd_clientstub	O
ConnectToServer:	O
connect()->	O
No	O
of	O
tries:	O
1	B

ARPT:	O
698896.831598:	B
AirPort_Brcm43xx::platformWoWEnable:	O
WWEN[enable]	B

IO80211AWDLPeerManager::setAwdlAutoMode	O
Resuming	O
AWDL	O

Received	O
Capture	O
Event	O

Received	O
Capture	O
Event	O

ARPT:	O
626126.086246:	B
wl0:	B
MDNS:	O
IPV4	B
Addr:	O
10.105.160.95	B

[HID]	O
[ATC]	O
AppleDeviceManagementHIDEventService::processWakeReason	O
Wake	O
reason:	O
Host	O
(0x01)	B

com.apple.suggestions.harvest:	B
scheduler_evaluate_activity	O
told	O
me	O
to	O
run	O
this	O
job;	O
however,	O
but	O
the	O
start	O
time	O
isn't	O
for	O
35003	B
seconds.	O
Ignoring.	O

vm_compressor_fastwake_warmup	O
(581519	B
-	O
591525)	B
-	O
starting	O

KeychainGetICDPStatus:	O
keychain:	O
-25300	B

AirPort:	O
Link	O
Down	O
on	O
awdl0.	B
Reason	O
1	B
(Unspecified).	O

Thermal	O
pressure	O
state:	O
0	B
Memory	O
pressure	O
state:	O
0	B

<IMMacNotificationCenterManager:	O
0x7ff1b2e00ba0>:	B
DND	O
Enabled:	O
NO	B

pages	O
554018,	B
wire	O
418692,	B
act	O
40000,	B
inact	O
0,	B
cleaned	O
0	B
spec	O
0,	B
zf	O
0,	B
throt	O
0,	B
compr	O
112,	B
xpmapped	O
40000	B

dnssd_clientstub	O
ConnectToServer:	O
connect()->	O
No	O
of	O
tries:	O
3	B

[HID]	O
[ATC]	O
AppleDeviceManagementHIDEventService::processWakeReason	O
Wake	O
reason:	O
Host	O
(0x01)	B

BuildActDeviceEntry	O
enter	O

IOPMrootDomain:	O
idle	O
cancel,	O
state	O
1	B

tcp_connection_handle_connect_conditions_bad	O
21875	B
failed:	O
3	B
-	O
No	O
network	O
route	O

<IMMacNotificationCenterManager:	O
0x7ff1b2d17980>:	B
NC	O
Disabled:	O
NO	B

AppleThunderboltNHIType2::prePCIWake	O
-	O
power	O
up	O
complete	O
-	O
took	O
1	B
us	O

Thermal	O
pressure	O
state:	O
0	B
Memory	O
pressure	O
state:	O
0	B

13:20:12.402	B
:	O
BTLE	O
scanner	O
Powered	O
On	B

ARPT:	O
626132.740936:	B
AirPort_Brcm43xx::platformWoWEnable:	O
WWEN[disable]	B

ARPT:	O
739549.504820:	B
AirPort_Brcm43xx::powerChange:	B
System	O
Wake	O
-	O
Full	O
Wake/	O
Dark	O
Wake	O
/	O
Maintenance	O
wake	O

send_datagram_available_ping:	O
pid	O
445	B
failed	O
to	O
act	O
on	O
a	O
ping	O
it	O
dequeued	O
before	O
timing	O
out.	O

Unrecognized	O
XSSimpleTypeDefinition:	O
OneOff	B

[HID]	O
[ATC]	O
[Error]	O
AppleDeviceManagementHIDEventService::start	O
Could	O
not	O
make	O
a	O
string	O
from	O
out	O
connection	B
notification	O
key	O

[BluetoothHIDDeviceController]	O
EventServiceDisconnectedCallback	O

[21:22:43.147]	B
mv_LowLevelCheckIfVideoPlayableUsingDecoder	O
signalled	O
err=-12956	B
(kFigMediaValidatorError_VideoCodecNotSupported)	O
(video	O
codec	O
1)	B
at	O
line	O
1921	B

CCFile::copyFile	O
fileName	O
is	O
[2017-07-08_05,55,23.694116]-io80211Family-002.pcapng,	B
source	O
path:/var/log/CoreCapture/com.apple.iokit.IO80211Family/IO80211AWDLPeerManager//[2017-07-08_05,55,23.694116]-io80211Family-002.pcapng,	B
dest	O
path:/Library/Logs/CrashReporter/CoreCapture/com.apple.iokit.IO80211Family/[2017-07-08_05,56,40.163377]=AssocFail:sts:2_rsn:0/IO80211AWDLPeerManager//[2017-07-08_05,55,23.694116]-io80211Family-002.pcapng	B

ARPT:	O
645795.024045:	B
ARPT:	O
Wake	O
Reason:	O
Wake	O
on	O
Scan	O
offload	O

sigio_handler:	O
sigio_handler_active	O
!=	O
1	B

in6_unlink_ifa:	O
IPv6	O
address	O
0x77c911454f1528eb	B
has	O
no	O
prefix	O

Sandbox:	O
com.apple.Addres(35229)	B
deny(1)	B
network-outbound	O
/private/var/run/mDNSResponder	B

2017-07-06	B
09:24:14.733	B
GoogleSoftwareUpdateAgent[36726/0x7000002a0000]	B
[lvl=2]	B
-[KSMultiUpdateAction	O
performAction]	O
KSPromptAction	O
had	O
no	O
updates	O
to	O
apply.	O

CoreAnimation:	O
warning,	O
deleted	O
thread	O
with	O
uncommitted	O
CATransaction;	O
set	O
CA_DEBUG_TRANSACTIONS=1	B
in	O
environment	O
to	O
log	O
backtraces.	O

com.apple.Safari.SafeBrowsing.Update:	B
scheduler_evaluate_activity	O
told	O
me	O
to	O
run	O
this	O
job;	O
however,	O
but	O
the	O
start	O
time	O
isn't	O
for	O
6	B
seconds.	O
Ignoring.	O

01:42:26.004	B
:	O
BTLE	O
scanning	O
stopped	O

-[NetworkAnalyticsEngine	O
_writeJournalRecord:fromCellFingerprint:key:atLOI:ofKind:lqm:isFaulty:]	O
Hashing	O
of	O
the	O
primary	O
key	O
failed.	O
Dropping	O
the	O
journal	O
record.	O

AppleCamIn::systemWakeCall	O
-	O
messageType	O
=	O
0xE0000340	B

[11:50:13.362]	B
itemasync_SetProperty	O
signalled	O
err=-12785	B
(kFigBaseObjectError_Invalidated)	B
(invalidated)	O
at	O
/Library/Caches/com.apple.xbs/Sources/CoreMedia/CoreMedia-1731.15.207/Prototypes/Player/FigPlayer_Async.c	B
line	O
2306	B

USBMSC	O
Identifier	O
(non-unique):	O
000000000820	B
0x5ac	B
0x8406	B
0x820,	B
3	B

Thermal	O
pressure	O
state:	O
0	B
Memory	O
pressure	O
state:	O
0	B

IOThunderboltSwitch<0>(0x0)::listenerCallback	B
-	O
Thunderbolt	O
HPD	O
packet	O
for	O
route	O
=	O
0x0	B
port	O
=	O
12	B
unplug	O
=	O
0	B

-[NetworkAnalyticsEngine	O
_writeJournalRecord:fromCellFingerprint:key:atLOI:ofKind:lqm:isFaulty:]	O
Hashing	O
of	O
the	O
primary	O
key	O
failed.	O
Dropping	O
the	O
journal	O
record.	O

ARPT:	O
739157.867474:	B
wlc_dump_aggfifo:	O

dnssd_clientstub	O
ConnectToServer:	O
connect()->	O
No	O
of	O
tries:	O
1	B

FA||Url||taskID[2019353593]	B
dealloc	O

2017-07-06	B
09:24:14.417	B
ksfetch[36728/0x7fff79824000]	B
[lvl=2]	B
main()	O
ksfetch	O
fetching	O
URL	O
(<NSMutableURLRequest:	O
0x100602220>	B
{	O
URL:	O
https://tools.google.com/service/update2?cup2hreq=f5e83ec64ff3fc5533a3c206134a6517e274f9e1cb53df857e15049b6e4c9f8e&cup2key=7:1721929288	B
})	O
to	O
folder:/tmp/KSOutOfProcessFetcher.aPWod5QMh1/download	B

ARPT:	O
672405.912863:	B
wl0:	B
MDNS:	O
IPV6	B
Addr:	O
2607:f140:400:a01b:c6b3:1ff:fecd:467f	B

USBMSC	O
Identifier	O
(non-unique):	O
000000000820	B
0x5ac	B
0x8406	B
0x820,	B
3	B

AppleCamIn::systemWakeCall	O
-	O
messageType	O
=	O
0xE0000340	B

ARPT:	O
790457.609414:	B
AirPort_Brcm43xx::powerChange:	O
System	O
Sleep	O

com.apple.Addres(32992)	B
deny	O
network-outbound	O
/private/var/run/mDNSResponder	B

AppleCamIn::systemWakeCall	O
-	O
messageType	O
=	O
0xE0000340	B

com.apple.suggestions.harvest:	B
scheduler_evaluate_activity	O
told	O
me	O
to	O
run	O
this	O
job;	O
however,	O
but	O
the	O
start	O
time	O
isn't	O
for	O
5144	B
seconds.	O
Ignoring.	O

__42-[NETClientConnection	B
evaluateCrazyIvan46]_block_invoke	O
CI46	B
-	O
Hit	O
by	O
torpedo!	O
NeteaseMusic.17988	B
tc9008	B
103.251.128.144:80	B

Location	O
icon	O
should	O
now	O
be	O
in	O
state	O
'Active'	B

FA||Url||taskID[2019353659]	B
dealloc	O

Daemon	O
connection	O
invalidated!	O

Internal	O
name	O
did	O
not	O
resolve	O
to	O
internal	O
address!	O

nw_nat64_post_new_ifstate	O
successfully	O
changed	O
NAT64	O
ifstate	O
from	O
0x8000000000000000	B
to	O
0x4	B

ARPT:	O
698055.177765:	B
AirPort_Brcm43xx::platformWoWEnable:	O
WWEN[disable]	B

com.apple.CacheDelete.daily:	B
scheduler_evaluate_activity	O
told	O
me	O
to	O
run	O
this	O
job;	O
however,	O
but	O
the	O
start	O
time	O
isn't	O
for	O
67203	B
seconds.	O
Ignoring.	O

com.apple.CacheDelete.daily:	B
scheduler_evaluate_activity	O
told	O
me	O
to	O
run	O
this	O
job;	O
however,	O
but	O
the	O
start	O
time	O
isn't	O
for	O
9959	B
seconds.	O
Ignoring.	O

NETWORK:	O
requery,	O
0,	B
0,	B
0,	B
0,	B
294,	B
items,	O
fQueryRetries,	O
0,	B
fLastRetryTimestamp,	O
521144227.4	B

USBMSC	O
Identifier	O
(non-unique):	O
000000000820	B
0x5ac	B
0x8406	B
0x820,	B
3	B

13:55:56.094	B
:	O
Starting	O
AirDrop	O
server	O
for	O
user	O
501	B
on	O
wake	O

Unable	O
to	O
start	O
NetBIOS	O
name	O
service:	O

send_datagram_available_ping:	O
pid	O
445	B
failed	O
to	O
act	O
on	O
a	O
ping	O
it	O
dequeued	O
before	O
timing	O
out.	O

CCFile::captureLog	O

FA||Url||taskID[2019353410]	B
dealloc	O

ARPT:	O
700687.112611:	B
AirPort_Brcm43xx::powerChange:	O
System	O
Sleep	O

CCFile::captureLogRun	O
Skipping	O
current	O
file	O
Dir	O
file	O
[2017-07-03_16,29,09.137954]-CCIOReporter-062.xml,	B
Current	O
File	O
[2017-07-03_16,29,09.137954]-CCIOReporter-062.xml	B

com.apple.EscrowSecurityAlert.daily:	B
scheduler_evaluate_activity	O
told	O
me	O
to	O
run	O
this	O
job;	O
however,	O
but	O
the	O
start	O
time	O
isn't	O
for	O
2350	B
seconds.	O
Ignoring.	O

[11:58:00.829]	B
<<<<	O
Boss	O
>>>>	O
figPlaybackBossPrerollCompleted:	O
unexpected	O
preroll-complete	O
notification	O

__73-[NetworkAnalyticsEngine	B
observeValueForKeyPath:ofObject:change:context:]_block_invoke	O
unexpected	O
switch	O
value	O
2	B

KeychainGetICDPStatus:	O
keychain:	O
-25300	B

NETWORK:	O
requery,	O
0,	B
0,	B
0,	B
0,	B
320,	B
items,	O
fQueryRetries,	O
1,	B
fLastRetryTimestamp,	O
520841203.7	B

[12:04:32.065]	B
<<<<	O
Boss	O
>>>>	O
figPlaybackBossPrerollCompleted:	O
unexpected	O
preroll-complete	O
notification	O

CCFile::captureLogRun	O
Skipping	O
current	O
file	O
Dir	O
file	O
[2017-07-06_12,03,12.289973]-CCIOReporter-041.xml,	B
Current	O
File	O
[2017-07-06_12,03,12.289973]-CCIOReporter-041.xml	B

Cocoa	O
scripting	O
error	O
for	O
'0x02470045':	B
four	O
character	O
codes	O
must	O
be	O
four	O
characters	O
long.	O

AppleThunderboltGenericHAL::earlyWake	O
-	O
complete	O
-	O
took	O
1	B
milliseconds	O

-[NETClientConnection	O
effectiveBundleID]	O
using	O
process	O
name	O
apsd	B
as	O
bundle	O
ID	O
(this	O
is	O
expected	O
for	O
daemons	O
without	O
bundle	O
ID	O

com.apple.icloud.fmfd.heartbeat:	B
scheduler_evaluate_activity	O
told	O
me	O
to	O
run	O
this	O
job;	O
however,	O
but	O
the	O
start	O
time	O
isn't	O
for	O
139095	B
seconds.	O
Ignoring.	O

AppleThunderboltNHIType2::waitForOk2Go2Sx	O
-	O
retries	O
=	O
5	B

CCFile::captureLogRun	O
Skipping	O
current	O
file	O
Dir	O
file	O
[2017-07-03_16,28,40.259618]-AirPortBrcm4360_Logs-055.txt,	B
Current	O
File	O
[2017-07-03_16,28,40.259618]-AirPortBrcm4360_Logs-055.txt	B

Location	O
icon	O
should	O
now	O
be	O
in	O
state	O
'Inactive'	B

AppleCamIn::wakeEventHandlerThread	O

com.apple.Safari.SafeBrowsing.Update:	B
scheduler_evaluate_activity	O
told	O
me	O
to	O
run	O
this	O
job;	O
however,	O
but	O
the	O
start	O
time	O
isn't	O
for	O
1002	B
seconds.	O
Ignoring.	O

hibernate_teardown_pmap_structs	O
done:	O
last_valid_compact_indx	O
315096	B

Location	O
icon	O
should	O
now	O
be	O
in	O
state	O
'Inactive'	B

AppleCamIn::systemWakeCall	O
-	O
messageType	O
=	O
0xE0000340	B

AirPort:	O
Link	O
Up	O
on	O
awdl0	B

device_generate_lock_screen_screenshot:	O
authw	O
0x7fa82502bc00(2000)[0,	B
0,	B
0,	B
0]	B
shield	O
0x7fa823930c00(2001),	B
dev	O
[1440,900]	B

[Accounts]	O
Current	O
connection,	O
<NSXPCConnection:	O
0x7fda74805bf0>	B
connection	O
from	O
pid	O
487,	B
doesn't	O
have	O
account	O
access.	O

Location	O
icon	O
should	O
now	O
be	O
in	O
state	O
'Active'	B

AppleCamIn::systemWakeCall	O
-	O
messageType	O
=	O
0xE0000340	B

en0:	B
channel	O
changed	O
to	O
1	B

schedule	O
invalidation	O
<DYTransport	O
0x7f89e8c00520,	B
error:	O
lost	O
transport	O
connection	O
(31)>	B

ARPT:	O
661915.168735:	B
wl0:	B
MDNS:	O
IPV6	B
Addr:	O
2607:f140:6000:8:4de9:a101:c96c:f28b	B

Cocoa	O
scripting	O
error	O
for	O
'0x02a60001':	B
four	O
character	O
codes	O
must	O
be	O
four	O
characters	O
long.	O

Cocoa	O
scripting	O
error	O
for	O
'0x01f60001':	B
four	O
character	O
codes	O
must	O
be	O
four	O
characters	O
long.	O

NETWORK:	O
requery,	O
0,	B
0,	B
0,	B
0,	B
250,	B
items,	O
fQueryRetries,	O
0,	B
fLastRetryTimestamp,	O
520665636.6	B

CCFile::captureLogRun	O
Skipping	O
current	O
file	O
Dir	O
file	O
[2017-07-07_07,01,14.472939]-CCIOReporter-002.xml,	B
Current	O
File	O
[2017-07-07_07,01,14.472939]-CCIOReporter-002.xml	B

IO80211AWDLPeerManager::setAwdlSuspendedMode()	O
Suspending	O
AWDL,	O
enterQuietMode(true)	B

ARPT:	O
646292.668059:	B
wl0:	B
MDNS:	O
0	B
SRV	O
Recs,	O
0	B
TXT	O
Recs	O

IOThunderboltSwitch<0>(0x0)::listenerCallback	B
-	O
Thunderbolt	O
HPD	O
packet	O
for	O
route	O
=	O
0x0	B
port	O
=	O
12	B
unplug	O
=	O
0	B

[IOBluetoothHostController::setConfigState]	O
calling	O
registerService	O

Wake	O
reason:	O
?	B

CCIOReporterFormatter::addRegistryChildToChannelDictionary	O
streams	O
7	B

AppleCamIn::wakeEventHandlerThread	O

Unable	O
to	O
simultaneously	O
satisfy	O
constraints:	O
(	O
"<NSAutoresizingMaskLayoutConstraint:0x7f9d574e5370	B
h=-&-	O
v=-&-	O
V:[NSScrollView:0x7f9d64abe480]-(11)-|	B
(Names:	O
'|':NSView:0x7f9d6a9cc340	B
)>",	O
"<NSAutoresizingMaskLayoutConstraint:0x7f9d7561a270	B
h=-&-	O
v=-&-	O
V:|-(45)-[NSScrollView:0x7f9d64abe480]	B
(Names:	O
'|':NSView:0x7f9d6a9cc340	B
)>",	O
"<NSAutoresizingMaskLayoutConstraint:0x7f9d6aa2cf10	B
h=-&-	O
v=--&	O
V:[NSView:0x7f9d53160e30(0)]>",	B
"<NSAutoresizingMaskLayoutConstraint:0x7f9d75652870	B
h=-&-	O
v=-&-	O
V:|-(0)-[NSView:0x7f9d6a9cc340]	B
(Names:	O
'|':NSView:0x7f9d53160e30	B
)>",	O
"<NSAutoresizingMaskLayoutConstraint:0x7f9d77ef8f50	B
h=-&-	O
v=-&-	O
V:[NSView:0x7f9d6a9cc340]-(0)-|	B
(Names:	O
'|':NSView:0x7f9d53160e30	B
)>"	O
)	O
Will	O
attempt	O
to	O
recover	O
by	O
breaking	O
constraint	O
<NSAutoresizingMaskLayoutConstraint:0x7f9d7561a270	B
h=-&-	O
v=-&-	O
V:|-(45)-[NSScrollView:0x7f9d64abe480]	B
(Names:	O
'|':NSView:0x7f9d6a9cc340	B
)>	O
Set	O
the	O
NSUserDefault	O
NSConstraintBasedLayoutVisualizeMutuallyExclusiveConstraints	O
to	O
YES	O
to	O
have	O
-[NSWindow	O
visualizeConstraints:]	O
automatically	O
called	O
when	O
this	O
happens.	O
And/or,	O
break	O
on	O
objc_exception_throw	O
to	O
catch	O
this	O
in	O
the	O
debugger.	O

tcp_connection_handle_connect_conditions_bad	O
23411	B
failed:	O
3	B
-	O
No	O
network	O
route	O

com.apple.CacheDelete.daily:	B
scheduler_evaluate_activity	O
told	O
me	O
to	O
run	O
this	O
job;	O
however,	O
but	O
the	O
start	O
time	O
isn't	O
for	O
4099	B
seconds.	O
Ignoring.	O

2017-07-04	B
09:42:57.924	B
GoogleSoftwareUpdateAgent[34603/0x700000323000]	B
[lvl=2]	B
+[KSCodeSigningVerification	O
verifyBundle:applicationId:error:]	O
KSCodeSigningVerification	O
verifying	O
code	O
signing	O
for	O
'/Users/xpc/Library/Google/GoogleSoftwareUpdate/GoogleSoftwareUpdate.bundle/Contents/MacOS/GoogleSoftwareUpdateDaemon'	B
with	O
the	O
requirement	O
'anchor	O
apple	O
generic	O
and	O
certificate	O
1[field.1.2.840.113635.100.6.2.6]	B
exists	O
and	O
certificate	O
leaf[field.1.2.840.113635.100.6.1.13]	B
exists	O
and	O
certificate	O
leaf[subject.OU]="EQHXZ8M8AV"	B
and	O
(identifier="com.google.Keystone")'	B

Sandbox:	O
QQ(10018)	B
deny(1)	B
mach-lookup	O
com.apple.networking.captivenetworksupport	B

-[NETClientConnection	O
evaluateCrazyIvan46]	B
CI46	B
-	O
Perform	O
CrazyIvan46!	B
QQ.10018	B
tc23407	B
119.81.102.227:80	B

AppleCamIn::systemWakeCall	O
-	O
messageType	O
=	O
0xE0000340	B

ARPT:	O
720406.265686:	B
AirPort_Brcm43xx::powerChange:	O
System	O
Sleep	O

CCFile::captureLog	O

button	O
report:	O
0x8002bdf	B

ARPT:	O
621131.293163:	B
wl0:	B
Roamed	O
or	O
switched	O
channel,	O
reason	O
#8,	B
bssid	O
5c:50:15:4c:18:13,	B
last	O
RSSI	O
-64	B

CCFile::captureLog	O
Received	O
Capture	O
notice	O
id:	O
1499469856.145137,	B
reason	O
=	O
AssocFail:sts:2_rsn:0	B

FA||Url||taskID[2019353724]	B
dealloc	O

ARPT:	O
646509.760609:	B
AirPort_Brcm43xx::platformWoWEnable:	O
WWEN[enable]	B

ARPT:	O
740504.547655:	B
AirPort_Brcm43xx::syncPowerState:	O
WWEN[enabled]	B

BuildActDeviceEntry	O
exit	O

com.apple.EscrowSecurityAlert.daily:	B
scheduler_evaluate_activity	O
told	O
me	O
to	O
run	O
this	O
job;	O
however,	O
but	O
the	O
start	O
time	O
isn't	O
for	O
26744	B
seconds.	O
Ignoring.	O

2017/07/07	B
21:47:20.392	B
|	O
I	O
|	O
VoipWrapper	O
|	O
DAVEngineImpl.cpp:1400:Close	B
|	O
close	O
video	O
chat.	O
llFriendUIN	O
=	O
515629905.	B

AirPort:	O
Link	O
Up	O
on	O
awdl0	B

url	O
host	O
=	O
www.baidu.com	B

__42-[NETClientConnection	B
evaluateCrazyIvan46]_block_invoke	O
CI46	B
-	O
Hit	O
by	O
torpedo!	O
QQ.10018	B
tc25995	B
121.51.36.148:443	B

AppleCamIn::systemWakeCall	O
-	O
messageType	O
=	O
0xE0000340	B

[BluetoothHIDDeviceController]	O
EventServiceConnectedCallback	O

Error	O
returned	O
from	O
iconservicesagent:	O
(null)	B

tcp_connection_tls_session_error_callback_imp	O
2115	B
__tcp_connection_tls_session_callback_write_block_invoke.434	B
error	O
22	B

com.apple.Safari.SafeBrowsing.Update:	B
scheduler_evaluate_activity	O
told	O
me	O
to	O
run	O
this	O
job;	O
however,	O
but	O
the	O
start	O
time	O
isn't	O
for	O
1867	B
seconds.	O
Ignoring.	O

ARPT:	O
620750.434035:	B
wl0:	B
wl_update_tcpkeep_seq:	O
Original	O
Seq:	O
3226706533,	B
Ack:	O
3871687177,	B
Win	O
size:	O
4096	B

tcp_connection_destination_handle_tls_close_notify	O
111	B
closing	O
socket	O
due	O
to	O
TLS	O
CLOSE_NOTIFY	O
alert	O

CFPasteboardRef	O
CFPasteboardCreate(CFAllocatorRef,	O
CFStringRef)	O
:	O
failed	O
to	O
create	O
global	O
data	O

tcp_connection_destination_perform_socket_connect	O
21152	B
connectx	O
to	O
203.205.147.206:8080@0	B
failed:	O
[51]	B
Network	O
is	O
unreachable	O

Cocoa	O
scripting	O
error	O
for	O
'0x024a00b2':	B
four	O
character	O
codes	O
must	O
be	O
four	O
characters	O
long.	O

com.apple.icloud.fmfd.heartbeat:	B
scheduler_evaluate_activity	O
told	O
me	O
to	O
run	O
this	O
job;	O
however,	O
but	O
the	O
start	O
time	O
isn't	O
for	O
479780	B
seconds.	O
Ignoring.	O

button	O
report:	O
0x80039B7	B

Cocoa	O
scripting	O
error	O
for	O
'0x02950006':	B
four	O
character	O
codes	O
must	O
be	O
four	O
characters	O
long.	O

IO80211AWDLPeerManager::setAwdlOperatingMode	O
Setting	O
the	O
AWDL	O
operation	O
mode	O
from	O
AUTO	B
to	O
SUSPENDED	B

hibernate_teardown	O
completed	O
-	O
discarded	O
93932	B

Received	O
Capture	O
Event	O

send_datagram_available_ping:	O
pid	O
445	B
failed	O
to	O
act	O
on	O
a	O
ping	O
it	O
dequeued	O
before	O
timing	O
out.	O

tcp_connection_handle_connect_conditions_bad	O
26042	B
failed:	O
3	B
-	O
No	O
network	O
route	O

KeychainGetICDPStatus:	O
keychain:	O
-25300	B

AppleCamIn::systemWakeCall	O
-	O
messageType	O
=	O
0xE0000340	B

##############################	O
_getSysMsgList	O

com.apple.icloud.fmfd.heartbeat:	B
scheduler_evaluate_activity	O
told	O
me	O
to	O
run	O
this	O
job;	O
however,	O
but	O
the	O
start	O
time	O
isn't	O
for	O
183327	B
seconds.	O
Ignoring.	O

__73-[NetworkAnalyticsEngine	B
observeValueForKeyPath:ofObject:change:context:]_block_invoke	O
unexpected	O
switch	O
value	O
2	B

Thermal	O
pressure	O
state:	O
1	B
Memory	O
pressure	O
state:	O
0	B

KeychainGetICDPStatus:	O
keychain:	O
-25300	B

Location	O
icon	O
should	O
now	O
be	O
in	O
state	O
'Active'	B

en0:	B
BSSID	O
changed	O
to	O
5c:50:15:4c:18:13	B

Thermal	O
pressure	O
state:	O
1	B
Memory	O
pressure	O
state:	O
0	B

CCFile::captureLogRun	O
Skipping	O
current	O
file	O
Dir	O
file	O
[2017-07-05_19,00,43.154864]-CCIOReporter-007.xml,	B
Current	O
File	O
[2017-07-05_19,00,43.154864]-CCIOReporter-007.xml	B

ARPT:	O
698052.637142:	B
AirPort_Brcm43xx::powerChange:	O
System	O
Sleep	O

Cocoa	O
scripting	O
error	O
for	O
'0x006f0001':	B
four	O
character	O
codes	O
must	O
be	O
four	O
characters	O
long.	O

Sandbox:	O
com.apple.Addres(31229)	B
deny(1)	B
network-outbound	O
/private/var/run/mDNSResponder	B

mDNS_RegisterInterface:	O
Frequent	O
transitions	O
for	O
interface	O
awdl0	B
(FE80:0000:0000:0000:D8A5:90FF:FEF5:7FFF)	B

com.apple.Safari.SafeBrowsing.Update:	B
scheduler_evaluate_activity	O
told	O
me	O
to	O
run	O
this	O
job;	O
however,	O
but	O
the	O
start	O
time	O
isn't	O
for	O
215	B
seconds.	O
Ignoring.	O

Path	O
not	O
allowed	O
in	O
target	O
domain:	O
type	O
=	O
pid,	B
path	O
=	O
/System/Library/StagedFrameworks/Safari/SafariShared.framework/Versions/A/XPCServices/com.apple.Safari.ImageDecoder.xpc/Contents/MacOS/com.apple.Safari.ImageDecoder	B
error	O
=	O
147:	B
The	O
specified	O
service	O
did	O
not	O
ship	O
in	O
the	O
requestor's	O
bundle,	O
origin	O
=	O
/System/Library/StagedFrameworks/Safari/WebKit.framework/Versions/A/XPCServices/com.apple.WebKit.WebContent.xpc	B

CCIOReporterFormatter::refreshSubscriptionsFromStreamRegistry	O
clearing	O
out	O
any	O
previous	O
subscriptions	O

Saw	O
change	O
in	O
network	O
reachability	O
(isReachable=2)	B

en0:	B
channel	O
changed	O
to	O
1	B

Error	O
returned	O
from	O
iconservicesagent:	O
(null)	B

nw_nat64_post_new_ifstate	O
successfully	O
changed	O
NAT64	O
ifstate	O
from	O
0x8000000000000000	B
to	O
0x4	B

send_datagram_available_ping:	O
pid	O
445	B
failed	O
to	O
act	O
on	O
a	O
ping	O
it	O
dequeued	O
before	O
timing	O
out.	O

AppleCamIn::systemWakeCall	O
-	O
messageType	O
=	O
0xE0000340	B

Cocoa	O
scripting	O
error	O
for	O
'0x00c1000a':	B
four	O
character	O
codes	O
must	O
be	O
four	O
characters	O
long.	O

AirPort:	O
Link	O
Up	O
on	O
awdl0	B

setting	O
hostname	O
to	O
"authorMacBook-Pro.local"	B

ARPT:	O
720580.338311:	B
AirPort_Brcm43xx::powerChange:	O
System	O
Sleep	O

com.apple.CacheDelete.daily:	B
scheduler_evaluate_activity	O
told	O
me	O
to	O
run	O
this	O
job;	O
however,	O
but	O
the	O
start	O
time	O
isn't	O
for	O
11575	B
seconds.	O
Ignoring.	O

Error	O
in	O
CoreDragRemoveReceiveHandler:	O
-1856	B

Location	O
icon	O
should	O
now	O
be	O
in	O
state	O
'Active'	B

en0:	B
BSSID	O
changed	O
to	O
88:75:56:a0:95:ed	B

Path	O
not	O
allowed	O
in	O
target	O
domain:	O
type	O
=	O
pid,	B
path	O
=	O
/System/Library/StagedFrameworks/Safari/SafariShared.framework/Versions/A/XPCServices/com.apple.Safari.SocialHelper.xpc/Contents/MacOS/com.apple.Safari.SocialHelper	B
error	O
=	O
147:	B
The	O
specified	O
service	O
did	O
not	O
ship	O
in	O
the	O
requestor's	O
bundle,	O
origin	O
=	O
/System/Library/StagedFrameworks/Safari/WebKit.framework/Versions/A/XPCServices/com.apple.WebKit.WebContent.xpc	B

tcp_connection_destination_perform_socket_connect	O
44073	B
connectx	O
to	O
123.125.50.30:143@0	B
failed:	O
[50]	B
Network	O
is	O
down	O

[HID]	O
[MT]	O
MTActuatorManagement::getActuatorRef	O
Calling	O
MTActuatorOpen()	O
outside	O
of	O
MTTrackpadHIDManager.	O

CCFile::captureLogRun()	O
Exiting	O
CCFile::captureLogRun	O

dnssd_clientstub	O
ConnectToServer:	O
connect()->	O
No	O
of	O
tries:	O
2	B

-[NETClientConnection	O
effectiveBundleID]	O
using	O
process	O
name	O
apsd	B
as	O
bundle	O
ID	O
(this	O
is	O
expected	O
for	O
daemons	O
without	O
bundle	O
ID	O

AppleCamIn::wakeEventHandlerThread	O

[12:02:22.126]	B
FigAgglomeratorSetObjectForKey	O
signalled	O
err=-16020	B
(kFigStringConformerError_ParamErr)	B
(NULL	B
key)	O
at	O
/Library/Caches/com.apple.xbs/Sources/CoreMedia/CoreMedia-1731.15.207/Prototypes/LegibleOutput/FigAgglomerator.c	B
line	O
92	B

nw_nat64_post_new_ifstate	O
successfully	O
changed	O
NAT64	O
ifstate	O
from	O
0x8000000000000000	B
to	O
0x4	B

com.apple.CacheDelete.daily:	B
scheduler_evaluate_activity	O
told	O
me	O
to	O
run	O
this	O
job;	O
however,	O
but	O
the	O
start	O
time	O
isn't	O
for	O
21754	B
seconds.	O
Ignoring.	O

tcp_connection_handle_connect_conditions_bad	O
25902	B
failed:	O
3	B
-	O
No	O
network	O
route	O

send_datagram_available_ping:	O
pid	O
445	B
failed	O
to	O
act	O
on	O
a	O
ping	O
it	O
dequeued	O
before	O
timing	O
out.	O

AppleCamIn::wakeEventHandlerThread	O

Location	O
icon	O
should	O
now	O
be	O
in	O
state	O
'Active'	B

__42-[NETClientConnection	B
evaluateCrazyIvan46]_block_invoke	O
CI46	B
-	O
Hit	O
by	O
torpedo!	O
QQ.10018	B
tc21519	B
184.105.67.74:443	B

Sandbox:	O
QuickLookSatelli(38418)	B
deny(1)	B
mach-lookup	O
com.apple.networkd	B

en0:	B
channel	O
changed	O
to	O
36,+1	B

hibernate	O
image	O
path:	O
/var/vm/sleepimage	B

com.apple.icloud.fmfd.heartbeat:	B
scheduler_evaluate_activity	O
told	O
me	O
to	O
run	O
this	O
job;	O
however,	O
but	O
the	O
start	O
time	O
isn't	O
for	O
183327	B
seconds.	O
Ignoring.	O

ARPT:	O
711599.232230:	B
AirPort_Brcm43xx::powerChange:	B
System	O
Wake	O
-	O
Full	O
Wake/	O
Dark	O
Wake	O
/	O
Maintenance	O
wake	O

Location	O
icon	O
should	O
now	O
be	O
in	O
state	O
'Inactive'	B

ARPT:	O
712604.204993:	B
wl0:	B
MDNS:	O
IPV6	B
Addr:	O
fe80:0:0:0:c6b3:1ff:fecd:467f	B

Path	O
not	O
allowed	O
in	O
target	O
domain:	O
type	O
=	O
pid,	B
path	O
=	O
/System/Library/StagedFrameworks/Safari/SafariShared.framework/Versions/A/XPCServices/com.apple.Safari.SearchHelper.xpc/Contents/MacOS/com.apple.Safari.SearchHelper	B
error	O
=	O
147:	B
The	O
specified	O
service	O
did	O
not	O
ship	O
in	O
the	O
requestor's	O
bundle,	O
origin	O
=	O
/System/Library/StagedFrameworks/Safari/WebKit.framework/Versions/A/XPCServices/com.apple.WebKit.WebContent.xpc	B

CCFile::copyFile	O
fileName	O
is	O
[2017-07-03_16,06,19.861073]-CCIOReporter-008.xml,	B
source	O
path:/var/log/CoreCapture/com.apple.iokit.IO80211Family/OneStats//[2017-07-03_16,06,19.861073]-CCIOReporter-008.xml,	B
dest	O
path:/Library/Logs/CrashReporter/CoreCapture/com.apple.iokit.IO80211Family/[2017-07-03_16,07,33.914349]=AuthFail:sts:5_rsn:0/OneStats//[2017-07-03_16,06,19.861073]-CCIOReporter-008.xml	B

tcp_connection_handle_connect_conditions_bad	O
20851	B
failed:	O
3	B
-	O
No	O
network	O
route	O

ARPT:	O
626625.204595:	B
wl0:	B
wl_update_tcpkeep_seq:	O
Updated	O
seq/ack/win	B
from	O
UserClient	O
Seq	O
3034132215,	B
Ack	O
528237229,	B
Win	O
size	O
278	B

Sandbox:	O
com.apple.Addres(34268)	B
deny(1)	B
network-outbound	O
/private/var/run/mDNSResponder	B

AppleCamIn::systemWakeCall	O
-	O
messageType	O
=	O
0xE0000340	B

com.apple.Addres(36227)	B
deny	O
network-outbound	O
/private/var/run/mDNSResponder	B

send_datagram_available_ping:	O
pid	O
445	B
failed	O
to	O
act	O
on	O
a	O
ping	O
it	O
dequeued	O
before	O
timing	O
out.	O

AppleCamIn::systemWakeCall	O
-	O
messageType	O
=	O
0xE0000340	B

[17:22:36.133]	B
<<<<	O
CRABS	O
>>>>	O
crabsFlumeHostAvailable:	O
[0x7f961cf08cf0]	B
Byte	O
flume	O
reports	O
host	O
available	O
again.	O

AppleCamIn::systemWakeCall	O
-	O
messageType	O
=	O
0xE0000340	B

com.apple.icloud.fmfd.heartbeat:	B
scheduler_evaluate_activity	O
told	O
me	O
to	O
run	O
this	O
job;	O
however,	O
but	O
the	O
start	O
time	O
isn't	O
for	O
439034	B
seconds.	O
Ignoring.	O

com.apple.Addres(31588)	B
deny	O
network-outbound	O
/private/var/run/mDNSResponder	B

PM	O
response	O
took	O
129	B
ms	O
(10018,	B
QQ)	B

doSaveChannels@286:	B
Will	O
write	O
to:	O
/Library/Logs/CrashReporter/CoreCapture/IOReporters/[2017-07-06_08,33,08.335034]	B
-	O
AuthFail:sts:5_rsn:0.xml	B

en0:	B
BSSID	O
changed	O
to	O
5c:50:15:36:bc:03	B

IO80211AWDLPeerManager::setAwdlOperatingMode	O
Setting	O
the	O
AWDL	O
operation	O
mode	O
from	O
SUSPENDED	B
to	O
AUTO	B

AppleCamIn::wakeEventHandlerThread	O

AppleCamIn::wakeEventHandlerThread	O

AppleThunderboltGenericHAL::earlyWake	O
-	O
complete	O
-	O
took	O
1	B
milliseconds	O

Could	O
not	O
get	O
event	O
name	O
for	O
stream/token:	B
com.apple.xpc.activity/4505:	B
132:	B
Request	O
for	O
stale	O
data	O

objc[35448]:	B
Class	O
TSUCustomFormatData	B
is	O
implemented	O
in	O
both	O
/Library/QuickLook/iWork.qlgenerator/Contents/MacOS/iWork	B
and	O
/System/Library/PrivateFrameworks/OfficeImport.framework/Versions/A/OfficeImport.	B
One	O
of	O
the	O
two	O
will	O
be	O
used.	O
Which	O
one	O
is	O
undefined.	O

Captive:	O
[CNInfoNetworkActive:1748]	B
en0:	B
SSID	O
'CalVisitor'	B
making	O
interface	O
primary	O
(cache	O
indicates	O
network	O
not	O
captive)	O

hibernate_setup(0)	B
took	O
4429	B
ms	O

ARPT:	O
740034.911245:	B
wl0:	B
setup_keepalive:	O
interval	O
900,	B
retry_interval	O
30,	B
retry_count	O
10	B

Cocoa	O
scripting	O
error	O
for	O
'0x00bc0007':	B
four	O
character	O
codes	O
must	O
be	O
four	O
characters	O
long.	O

Opened	O
file	O
/var/log/SleepWakeStacks.bin,	B
size	O
172032,	B
extents	O
1,	B
maxio	O
2000000	B
ssd	O
1	B

CCFile::copyFile	O
fileName	O
is	O
[2017-07-07_12,24,25.108710]-io80211Family-007.pcapng,	B
source	O
path:/var/log/CoreCapture/com.apple.iokit.IO80211Family/IO80211AWDLPeerManager//[2017-07-07_12,24,25.108710]-io80211Family-007.pcapng,	B
dest	O
path:/Library/Logs/CrashReporter/CoreCapture/com.apple.iokit.IO80211Family/[2017-07-07_12,24,29.298901]=AuthFail:sts:5_rsn:0/IO80211AWDLPeerManager//[2017-07-07_12,24,25.108710]-io80211Family-007.pcapng	B

com.apple.Safari.SafeBrowsing.Update:	B
scheduler_evaluate_activity	O
told	O
me	O
to	O
run	O
this	O
job;	O
however,	O
but	O
the	O
start	O
time	O
isn't	O
for	O
2262	B
seconds.	O
Ignoring.	O

Unable	O
to	O
simultaneously	O
satisfy	O
constraints:	O
(	O
"<NSLayoutConstraint:0x7f8efb89e920	B
H:[NSImageView:0x7f8efb89d5d0(38)]>",	B
"<NSLayoutConstraint:0x7f8efb89aac0	B
H:|-(14)-[NSImageView:0x7f8efb89d5d0]	B
(Names:	O
PageItemCell:0x7f8efb898930,	B
'|':PageItemCell:0x7f8efb898930	B
)>",	O
"<NSLayoutConstraint:0x7f8f071a6c20	B
'NSView-Encapsulated-Layout-Width'	O
H:[PageItemCell(73)]	B
(Names:	O
PageItemCell:0x7f8efb898930	B
)>",	O
"<NSLayoutConstraint:0x7f8efb89d8a0	B
H:[NSImageView:0x7f8efb89d5d0]-(10)-[NSTextField:0x7f8efb89d250]>",	B
"<NSLayoutConstraint:0x7f8efb8980e0	B
H:[NSTextField:0x7f8efb89e7a0]-(14)-|	B
(Names:	O
PageItemCell:0x7f8efb898930,	B
'|':PageItemCell:0x7f8efb898930	B
)>",	O
"<NSLayoutConstraint:0x7f8efb89ba20	B
H:[NSTextField:0x7f8efb89d250]-(>=NSSpace(8))-[NSTextField:0x7f8efb89e7a0]>"	B
)	O
Will	O
attempt	O
to	O
recover	O
by	O
breaking	O
constraint	O
<NSLayoutConstraint:0x7f8efb89e920	B
H:[NSImageView:0x7f8efb89d5d0(38)]>	B
Set	O
the	O
NSUserDefault	O
NSConstraintBasedLayoutVisualizeMutuallyExclusiveConstraints	O
to	O
YES	O
to	O
have	O
-[NSWindow	O
visualizeConstraints:]	O
automatically	O
called	O
when	O
this	O
happens.	O
And/or,	O
break	O
on	O
objc_exception_throw	O
to	O
catch	O
this	O
in	O
the	O
debugger.	O

ARPT:	O
725147.528572:	B
AirPort_Brcm43xx::powerChange:	O
System	O
Sleep	O

Saw	O
change	O
in	O
network	O
reachability	O
(isReachable=0)	B

PM	O
response	O
took	O
113	B
ms	O
(24144,	B
WeChat)	B

__73-[NetworkAnalyticsEngine	B
observeValueForKeyPath:ofObject:change:context:]_block_invoke	O
unexpected	O
switch	O
value	O
2	B

AppleCamIn::systemWakeCall	O
-	O
messageType	O
=	O
0xE0000340	B

dnssd_clientstub	O
ConnectToServer:	O
connect()	O
failed	O
path:/var/run/mDNSResponder	B
Socket:4	B
Err:-1	B
Errno:1	B
Operation	O
not	O
permitted	O

AppleThunderboltGenericHAL::earlyWake	O
-	O
complete	O
-	O
took	O
1	B
milliseconds	O

02:18:39.156	B
:	O
BTLE	O
scanner	O
Powered	O
On	B

-[NetworkAnalyticsEngine	O
_writeJournalRecord:fromCellFingerprint:key:atLOI:ofKind:lqm:isFaulty:]	O
Hashing	O
of	O
the	O
primary	O
key	O
failed.	O
Dropping	O
the	O
journal	O
record.	O

ARPT:	O
739357.156234:	B
wl0:	B
setup_keepalive:	O
Seq:	O
1852166454,	B
Ack:	O
1229910694,	B
Win	O
size:	O
4096	B

Session	O
101921	B
created	O

com.apple.CacheDelete.daily:	B
scheduler_evaluate_activity	O
told	O
me	O
to	O
run	O
this	O
job;	O
however,	O
but	O
the	O
start	O
time	O
isn't	O
for	O
23852	B
seconds.	O
Ignoring.	O

RTC:	O
PowerByCalendarDate	O
setting	O
ignored	O

CCFile::captureLogRun()	O
Exiting	O
CCFile::captureLogRun	O

com.apple.Safari.SafeBrowsing.Update:	B
scheduler_evaluate_activity	O
told	O
me	O
to	O
run	O
this	O
job;	O
however,	O
but	O
the	O
start	O
time	O
isn't	O
for	O
1843	B
seconds.	O
Ignoring.	O

ARPT:	O
784117.625615:	B
wl0:	B
leaveModulePoweredForOffloads:	O
Wi-Fi	O
will	O
stay	O
on.	O

PM	O
response	O
took	O
1938	B
ms	O
(54,	B
powerd)	B

2017-07-06	B
14:57:16.667	B
GoogleSoftwareUpdateAgent[37059/0x7000002a0000]	B
[lvl=2]	B
-[KSAgentApp(KeystoneDelegate)	O
updateEngineFinishedWithErrors:]	O
Keystone	O
finished:	O
errors=0	B

__42-[NETClientConnection	B
evaluateCrazyIvan46]_block_invoke	O
CI46	B
-	O
Hit	O
by	O
torpedo!	O
QQ.10018	B
tc24039	B
112.90.78.169:8080	B

com.apple.Addres(36919)	B
deny	O
network-outbound	O
/private/var/run/mDNSResponder	B

NETWORK:	O
requery,	O
0,	B
0,	B
0,	B
0,	B
250,	B
items,	O
fQueryRetries,	O
0,	B
fLastRetryTimestamp,	O
520708962.7	B

dnssd_clientstub	O
ConnectToServer:	O
connect()->	O
No	O
of	O
tries:	O
1	B

[11:10:58.940]	B
<<<<	O
Boss	O
>>>>	O
figPlaybackBossPrerollCompleted:	O
unexpected	O
preroll-complete	O
notification	O

com.apple.Addres(37617)	B
deny	O
network-outbound	O
/private/var/run/mDNSResponder	B

PM	O
response	O
took	O
1999	B
ms	O
(54,	B
powerd)	B

network	O
changed:	O
DNS*	O
Proxy	B

ARPT:	O
682833.053879:	B
framerdy	O
0x0	B
bmccmd	O
3	B
framecnt	O
1024	B

IOPMrootDomain:	O
idle	O
cancel,	O
state	O
1	B

Captive:	O
CNPluginHandler	O
en0:	O
Authenticated	O

CCFile::copyFile	O
fileName	O
is	O
[2017-07-08_02,32,47.528554]-CCIOReporter-003.xml,	B
source	O
path:/var/log/CoreCapture/com.apple.iokit.IO80211Family/OneStats//[2017-07-08_02,32,47.528554]-CCIOReporter-003.xml,	B
dest	O
path:/Library/Logs/CrashReporter/CoreCapture/com.apple.iokit.IO80211Family/[2017-07-08_02,32,46.517498]=AssocFail:sts:2_rsn:0/OneStats//[2017-07-08_02,32,47.528554]-CCIOReporter-003.xml	B

AppleCamIn::systemWakeCall	O
-	O
messageType	O
=	O
0xE0000340	B

AppleThunderboltNHIType2::waitForOk2Go2Sx	O
-	O
intel_rp	O
=	O
1	B
dlla_reporting_supported	O
=	O
0	B

CCIOReporterFormatter::refreshSubscriptionsFromStreamRegistry	O
clearing	O
out	O
any	O
previous	O
subscriptions	O

ARPT:	O
672925.537944:	B
AirPort_Brcm43xx::platformWoWEnable:	O
WWEN[enable]	B

ARPT:	O
771516.615152:	B
AirPort_Brcm43xx::platformWoWEnable:	O
WWEN[disable]	B

20:54:03.455	B
:	O
BTLE	O
scanner	O
Powered	O
On	B

CCIOReporterFormatter::addRegistryChildToChannelDictionary	O
streams	O
7	B

en0:	B
channel	O
changed	O
to	O
6	B

AppleCamIn::wakeEventHandlerThread	O

<IMMacNotificationCenterManager:	O
0x7ff1b2d17980>:	B
DND	O
Enabled:	O
NO	B

FA||Url||taskID[2019353117]	B
dealloc	O

AppleCamIn::systemWakeCall	O
-	O
messageType	O
=	O
0xE0000340	B

CCFile::captureLogRun	O
Skipping	O
current	O
file	O
Dir	O
file	O
[2017-07-06_12,03,02.449748]-AirPortBrcm4360_Logs-037.txt,	B
Current	O
File	O
[2017-07-06_12,03,02.449748]-AirPortBrcm4360_Logs-037.txt	B

Path	O
not	O
allowed	O
in	O
target	O
domain:	O
type	O
=	O
pid,	B
path	O
=	O
/System/Library/StagedFrameworks/Safari/SafariShared.framework/Versions/A/XPCServices/com.apple.Safari.History.xpc/Contents/MacOS/com.apple.Safari.History	B
error	O
=	O
147:	B
The	O
specified	O
service	O
did	O
not	O
ship	O
in	O
the	O
requestor's	O
bundle,	O
origin	O
=	O
/System/Library/StagedFrameworks/Safari/WebKit.framework/Versions/A/XPCServices/com.apple.WebKit.WebContent.xpc	B

CCFile::captureLogRun()	O
Exiting	O
CCFile::captureLogRun	O

jemmytest	O

AppleCamIn::wakeEventHandlerThread	O

ARPT:	O
672113.005034:	B
wl0:	B
setup_keepalive:	O
Seq:	O
1128495564,	B
Ack:	O
3106452487,	B
Win	O
size:	O
4096	B

com.apple.CacheDelete.daily:	B
scheduler_evaluate_activity	O
told	O
me	O
to	O
run	O
this	O
job;	O
however,	O
but	O
the	O
start	O
time	O
isn't	O
for	O
5688	B
seconds.	O
Ignoring.	O

ARPT:	O
764361.057441:	B
wl0:	B
MDNS:	O
IPV6	B
Addr:	O
2607:f140:6000:8:9cb8:f7f2:7c03:f956	B

Cocoa	O
scripting	O
error	O
for	O
'0x006a0061':	B
four	O
character	O
codes	O
must	O
be	O
four	O
characters	O
long.	O

wake	O
time	O
set	O
-0.855670	B
s	O

ARPT:	O
775899.188954:	B
wl0:	B
wl_update_tcpkeep_seq:	O
Updated	O
seq/ack/win	B
from	O
UserClient	O
Seq	O
2863091569,	B
Ack	O
159598625,	B
Win	O
size	O
278	B

en0:	B
channel	O
changed	O
to	O
1	B

Previous	O
sleep	O
cause:	O
5	B

en0:	B
channel	O
changed	O
to	O
1	B

ARPT:	O
620702.879952:	B
AirPort_Brcm43xx::platformWoWEnable:	O
WWEN[disable]	B

-[NetworkAnalyticsEngine	O
_writeJournalRecord:fromCellFingerprint:key:atLOI:ofKind:lqm:isFaulty:]	O
Hashing	O
of	O
the	O
primary	O
key	O
failed.	O
Dropping	O
the	O
journal	O
record.	O

CCFile::captureLogRun()	O
Exiting	O
CCFile::captureLogRun	O

com.apple.suggestions.harvest:	B
scheduler_evaluate_activity	O
told	O
me	O
to	O
run	O
this	O
job;	O
however,	O
but	O
the	O
start	O
time	O
isn't	O
for	O
36678	B
seconds.	O
Ignoring.	O

AppleActuatorHIDEventDriver:	B
message	O
service	O
is	O
terminated	O

CCFile::captureLogRun	O
Skipping	O
current	O
file	O
Dir	O
file	O
[2017-07-07_12,24,31.376032]-AirPortBrcm4360_Logs-011.txt,	B
Current	O
File	O
[2017-07-07_12,24,31.376032]-AirPortBrcm4360_Logs-011.txt	B

com.apple.SoftwareUpdate.Activity:	B
scheduler_evaluate_activity	O
told	O
me	O
to	O
run	O
this	O
job;	O
however,	O
but	O
the	O
start	O
time	O
isn't	O
for	O
5880	B
seconds.	O
Ignoring.	O

2017-07-07	B
01:47:40.090	B
GoogleSoftwareUpdateAgent[37644/0x7000002a0000]	B
[lvl=2]	B
-[KSOutOfProcessFetcher	O
beginFetchWithDelegate:]	O
KSOutOfProcessFetcher	O
start	O
fetch	O
from	O
URL:	O
"https://tools.google.com/service/update2?cup2hreq=c30943ccd5e0a03e93b6be3e2b7e2127989f08f1bde99263ffee091de8b8bc39&cup2key=7:1039900771"	B

USBMSC	O
Identifier	O
(non-unique):	O
000000000820	B
0x5ac	B
0x8406	B
0x820,	B
3	B

ARPT:	O
739605.015490:	B
wl0:	B
MDNS:	O
IPV6	B
Addr:	O
2607:f140:6000:8:cc53:3e31:ccd8:11d4	B

Location	O
icon	O
should	O
now	O
be	O
in	O
state	O
'Inactive'	B

Cocoa	O
scripting	O
error	O
for	O
'0x00c40027':	B
four	O
character	O
codes	O
must	O
be	O
four	O
characters	O
long.	O

AirPort:	O
Link	O
Down	O
on	O
awdl0.	B
Reason	O
1	B
(Unspecified).	O

ARPT:	O
673110.784021:	B
wl0:	B
wl_update_tcpkeep_seq:	O
Updated	O
seq/ack/win	B
from	O
UserClient	O
Seq	O
4039579370,	B
Ack	O
2406464715,	B
Win	O
size	O
278	B

Received	O
Capture	O
Event	O

AppleCamIn::systemWakeCall	O
-	O
messageType	O
=	O
0xE0000340	B

[HID]	O
[ATC]	O
AppleDeviceManagementHIDEventService::processWakeReason	O
Wake	O
reason:	O
Host	O
(0x01)	B

CCFile::captureLog	O
Received	O
Capture	O
notice	O
id:	O
1499297069.333005,	B
reason	O
=	O
AuthFail:sts:5_rsn:0	B

2017-07-05	B
10:52:16.779	B
ksfetch[35863/0x7fff79824000]	B
[lvl=2]	B
main()	O
Fetcher	O
received	O
a	O
request:	O
<NSMutableURLRequest:	O
0x100501610>	B
{	O
URL:	O
https://tools.google.com/service/update2?cup2hreq=a7873a51b1cb55518e420d20dff47d463781ed3f7aa83c3153129eefb148070b&cup2key=7:2501762722	B
}	O

Received	O
Capture	O
Event	O

send_datagram_available_ping:	O
pid	O
445	B
failed	O
to	O
act	O
on	O
a	O
ping	O
it	O
dequeued	O
before	O
timing	O
out.	O

[0701/114930:WARNING:dns_config_service_posix.cc(306)]	B
Failed	O
to	O
read	O
DnsConfig.	O

-[NetworkAnalyticsEngine	O
_writeJournalRecord:fromCellFingerprint:key:atLOI:ofKind:lqm:isFaulty:]	O
Hashing	O
of	O
the	O
primary	O
key	O
failed.	O
Dropping	O
the	O
journal	O
record.	O

<IMMacNotificationCenterManager:	O
0x7fdcc9d16380>:	B
Updating	O
enabled:	O
NO	O
(Topics:	O
(	O
))	O

